,Species,Owner,Country.of.Origin,Farm.Name,Lot.Number,Mill,ICO.Number,Company,Altitude,Region,Producer,Number.of.Bags,Bag.Weight,In.Country.Partner,Harvest.Year,Grading.Date,Owner.1,Variety,Processing.Method,Aroma,Flavor,Aftertaste,Acidity,Body,Balance,Uniformity,Clean.Cup,Sweetness,Cupper.Points,Total.Cup.Points,Moisture,Category.One.Defects,Quakers,Color,Category.Two.Defects,Expiration,Certification.Body,Certification.Address,Certification.Contact,unit_of_measurement,altitude_low_meters,altitude_high_meters,altitude_mean_meters
1,Arabica,metad plc,Ethiopia,metad plc,,metad plc,2014/2015,metad agricultural developmet plc,1950-2200,guji-hambela,METAD PLC,300,60 kg,METAD Agricultural Development plc,2014,"April 4th, 2015",metad plc,,Washed / Wet,8.67,8.83,8.67,8.75,8.5,8.42,10,10,10,8.75,90.58,0.12,0,0,Green,0,"April 3rd, 2016",METAD Agricultural Development plc,309fcf77415a3661ae83e027f7e5f05dad786e44,19fef5a731de2db57d16da10287413f5f99bc2dd,m,1950,2200,2075
2,Arabica,metad plc,Ethiopia,metad plc,,metad plc,2014/2015,metad agricultural developmet plc,1950-2200,guji-hambela,METAD PLC,300,60 kg,METAD Agricultural Development plc,2014,"April 4th, 2015",metad plc,Other,Washed / Wet,8.75,8.67,8.5,8.58,8.42,8.42,10,10,10,8.58,89.92,0.12,0,0,Green,1,"April 3rd, 2016",METAD Agricultural Development plc,309fcf77415a3661ae83e027f7e5f05dad786e44,19fef5a731de2db57d16da10287413f5f99bc2dd,m,1950,2200,2075
3,Arabica,grounds for health admin,Guatemala,"san marcos barrancas ""san cristobal cuch",,,,,1600 - 1800 m,,,5,1,Specialty Coffee Association,,"May 31st, 2010",Grounds for Health Admin,Bourbon,,8.42,8.5,8.42,8.42,8.33,8.42,10,10,10,9.25,89.75,0,0,0,,0,"May 31st, 2011",Specialty Coffee Association,36d0d00a3724338ba7937c52a378d085f2172daa,0878a7d4b9d35ddbf0fe2ce69a2062cceb45a660,m,1600,1800,1700
4,Arabica,yidnekachew dabessa,Ethiopia,yidnekachew dabessa coffee plantation,,wolensu,,yidnekachew debessa coffee plantation,1800-2200,oromia,Yidnekachew Dabessa Coffee Plantation,320,60 kg,METAD Agricultural Development plc,2014,"March 26th, 2015",Yidnekachew Dabessa,,Natural / Dry,8.17,8.58,8.42,8.42,8.5,8.25,10,10,10,8.67,89,0.11,0,0,Green,2,"March 25th, 2016",METAD Agricultural Development plc,309fcf77415a3661ae83e027f7e5f05dad786e44,19fef5a731de2db57d16da10287413f5f99bc2dd,m,1800,2200,2000
5,Arabica,metad plc,Ethiopia,metad plc,,metad plc,2014/2015,metad agricultural developmet plc,1950-2200,guji-hambela,METAD PLC,300,60 kg,METAD Agricultural Development plc,2014,"April 4th, 2015",metad plc,Other,Washed / Wet,8.25,8.5,8.25,8.5,8.42,8.33,10,10,10,8.58,88.83,0.12,0,0,Green,2,"April 3rd, 2016",METAD Agricultural Development plc,309fcf77415a3661ae83e027f7e5f05dad786e44,19fef5a731de2db57d16da10287413f5f99bc2dd,m,1950,2200,2075
6,Arabica,ji-ae ahn,Brazil,,,,,,,,,100,30 kg,Specialty Coffee Institute of Asia,2013,"September 3rd, 2013",Ji-Ae Ahn,,Natural / Dry,8.58,8.42,8.42,8.5,8.25,8.33,10,10,10,8.33,88.83,0.11,0,0,Bluish-Green,1,"September 3rd, 2014",Specialty Coffee Institute of Asia,726e4891cf2c9a4848768bd34b668124d12c4224,b70da261fcc84831e3e9620c30a8701540abc200,m,NA,NA,NA
7,Arabica,hugo valdivia,Peru,,,hvc,,richmond investment-coffee department,,,HVC,100,69 kg,Specialty Coffee Institute of Asia,2012,"September 17th, 2012",Hugo Valdivia,Other,Washed / Wet,8.42,8.5,8.33,8.5,8.25,8.25,10,10,10,8.5,88.75,0.11,0,0,Bluish-Green,0,"September 17th, 2013",Specialty Coffee Institute of Asia,726e4891cf2c9a4848768bd34b668124d12c4224,b70da261fcc84831e3e9620c30a8701540abc200,m,NA,NA,NA
8,Arabica,ethiopia commodity exchange,Ethiopia,aolme,,c.p.w.e,010/0338,,1570-1700,oromia,Bazen Agricultural & Industrial Dev't Plc,300,60 kg,Ethiopia Commodity Exchange,March 2010,"September 2nd, 2010",Ethiopia Commodity Exchange,,,8.25,8.33,8.5,8.42,8.33,8.5,10,10,9.33,9,88.67,0.03,0,0,,0,"September 2nd, 2011",Ethiopia Commodity Exchange,a176532400aebdc345cf3d870f84ed3ecab6249e,61bbaf6a9f341e5782b8e7bd3ebf76aac89fe24b,m,1570,1700,1635
9,Arabica,ethiopia commodity exchange,Ethiopia,aolme,,c.p.w.e,010/0338,,1570-1700,oromiya,Bazen Agricultural & Industrial Dev't Plc,300,60 kg,Ethiopia Commodity Exchange,March 2010,"September 2nd, 2010",Ethiopia Commodity Exchange,,,8.67,8.67,8.58,8.42,8.33,8.42,9.33,10,9.33,8.67,88.42,0.03,0,0,,0,"September 2nd, 2011",Ethiopia Commodity Exchange,a176532400aebdc345cf3d870f84ed3ecab6249e,61bbaf6a9f341e5782b8e7bd3ebf76aac89fe24b,m,1570,1700,1635
10,Arabica,diamond enterprise plc,Ethiopia,tulla coffee farm,,tulla coffee farm,2014/15,diamond enterprise plc,1795-1850,"snnp/kaffa zone,gimbowereda",Diamond Enterprise Plc,50,60 kg,METAD Agricultural Development plc,2014,"March 30th, 2015",Diamond Enterprise Plc,Other,Natural / Dry,8.08,8.58,8.5,8.5,7.67,8.42,10,10,10,8.5,88.25,0.1,0,0,Green,4,"March 29th, 2016",METAD Agricultural Development plc,309fcf77415a3661ae83e027f7e5f05dad786e44,19fef5a731de2db57d16da10287413f5f99bc2dd,m,1795,1850,1822.5
11,Arabica,mohammed lalo,Ethiopia,fahem coffee plantation,,,,fahem coffee plantation,1855-1955,oromia,Fahem Coffee Plantation,300,60 kg,METAD Agricultural Development plc,2014,"March 27th, 2015",Mohammed Lalo,,Natural / Dry,8.17,8.67,8.25,8.5,7.75,8.17,10,10,10,8.58,88.08,0.1,0,0,,1,"March 26th, 2016",METAD Agricultural Development plc,309fcf77415a3661ae83e027f7e5f05dad786e44,19fef5a731de2db57d16da10287413f5f99bc2dd,m,1855,1955,1905
12,Arabica,cqi q coffee sample representative,United States,el filo,,,unknown,coffee quality institute,meters above sea level: 1.872,antioquia,Alfredo De Jesús López Pérez,10,1 kg,Almacafé,2014,"March 13th, 2015",CQI Q Coffee Sample Representative,Other,Washed / Wet,8.25,8.42,8.17,8.33,8.08,8.17,10,10,10,8.5,87.92,0,0,0,,0,"March 12th, 2016",Almacafé,e493c36c2d076bf273064f7ac23ad562af257a25,70d3c0c26f89e00fdae6fb39ff54f0d2eb1c38ab,m,1872,1872,1872
13,Arabica,cqi q coffee sample representative,United States,los cedros,,,unknown,coffee quality institute,meters above sea level: 1.943,antioquia,Jorge Walter Restrepo,10,1 kg,Almacafé,2014,"March 13th, 2015",CQI Q Coffee Sample Representative,Other,Washed / Wet,8.08,8.67,8.33,8.42,8,8.08,10,10,10,8.33,87.92,0,0,0,,0,"March 12th, 2016",Almacafé,e493c36c2d076bf273064f7ac23ad562af257a25,70d3c0c26f89e00fdae6fb39ff54f0d2eb1c38ab,m,1943,1943,1943
14,Arabica,grounds for health admin,United States (Hawaii),arianna farms,,,,,2000 ft,kona,"Robert, Sharon, Arianna Wood",1,1,Specialty Coffee Association,Sept 2009 - April 2010,"May 31st, 2010",Grounds for Health Admin,,,8.33,8.42,8.08,8.25,8.25,8,10,10,10,8.58,87.92,0,0,0,,2,"May 31st, 2011",Specialty Coffee Association,36d0d00a3724338ba7937c52a378d085f2172daa,0878a7d4b9d35ddbf0fe2ce69a2062cceb45a660,ft,609.6,609.6,609.6
15,Arabica,ethiopia commodity exchange,Ethiopia,aolme,,c.p.w.e,010/0338,,1570-1700,oromiya,Bazen Agricultural & Industrial Dev't Plc,300,60 kg,Ethiopia Commodity Exchange,March 2010,"August 31st, 2010",Ethiopia Commodity Exchange,,,8.25,8.33,8.5,8.25,8.58,8.75,9.33,10,9.33,8.5,87.83,0.05,0,0,,2,"August 31st, 2011",Ethiopia Commodity Exchange,a176532400aebdc345cf3d870f84ed3ecab6249e,61bbaf6a9f341e5782b8e7bd3ebf76aac89fe24b,m,1570,1700,1635
16,Arabica,cqi q coffee sample representative,United States,el águila,,,unknown,coffee quality institute,meters above sea level: 2.080,antioquia,María Leticia Diosa,10,1 kg,Almacafé,2014,"March 13th, 2015",CQI Q Coffee Sample Representative,Other,Washed / Wet,8,8.5,8.58,8.17,8.17,8,10,10,10,8.17,87.58,0,0,0,,0,"March 12th, 2016",Almacafé,e493c36c2d076bf273064f7ac23ad562af257a25,70d3c0c26f89e00fdae6fb39ff54f0d2eb1c38ab,m,2080,2080,2080
17,Arabica,grounds for health admin,Indonesia,toarco jaya,,,,,1200-1800m,sulawesi,P.T. Toarco Jaya,1,"2 kg,lbs",Specialty Coffee Association,May-August,"May 31st, 2010",Grounds for Health Admin,,,8.33,8.25,7.83,7.75,8.5,8.42,10,10,10,8.33,87.42,0.03,0,0,,0,"May 31st, 2011",Specialty Coffee Association,36d0d00a3724338ba7937c52a378d085f2172daa,0878a7d4b9d35ddbf0fe2ce69a2062cceb45a660,m,1200,1800,1500
18,Arabica,ethiopia commodity exchange,Ethiopia,,,,010/0056,,,yirgacheffe,Green Gold Ethiopia | Phone: 0114342032,150,6,Ethiopia Commodity Exchange,2009/2010,"June 16th, 2010",Ethiopia Commodity Exchange,,,8.17,8.33,8.25,8.33,8.42,8.33,9.33,10,9.33,8.83,87.33,0.05,0,0,,2,"June 16th, 2011",Ethiopia Commodity Exchange,a176532400aebdc345cf3d870f84ed3ecab6249e,61bbaf6a9f341e5782b8e7bd3ebf76aac89fe24b,m,NA,NA,NA
19,Arabica,yunnan coffee exchange,China,echo coffee,YNC-06114,echo coffee mill,,yunnan coffee exchange,1450,yunnan,Echo Coffee,3,60 kg,Yunnan Coffee Exchange,2015,"April 7th, 2016",Yunnan Coffee Exchange,Catimor,Washed / Wet,8.42,8.25,8.08,8.17,7.92,8,10,10,10,8.42,87.25,0.1,0,0,Green,0,"April 7th, 2017",Yunnan Coffee Exchange,683fa6014608fc10ff681b0435b0b2dbe6df988f,f6d87a6c04653c569d4911a66f89d5e30ce83b93,m,1450,1450,1450
